2|1
3|1
5|1
9|1
12|1
15|1
33|1
59|1
83|1
99|1
109|1
200|1
230|1
233|1
240|1
247|1
250|1
1/1|1
104/B|1
11/19|1
12/25|1
15/8|1
15/8|1
162/2|1
18/8|1
187/3|1
19/13|1
19/51|1
25, 26|1
26/5 |1
38 A|1
4/3|1
81/88 B|1
9 F|1
A 46|1
B/4|1
E 7/22|1
Flat No 1|1
New No 103 Old No 77|1
New No 14 Old No 61|1
New No 21 Old No 9|1
New No 23 Old No 11|1
New No 231 Old No 105 A|1
New No 24 Old No 21|1
New no 3, old no 89|1
No 1|1
NO 1|1
No 1 A|1
No 1/1|1
No 1/2|1
No 10|1
No 10/141|1
No 10/141|1
No 10/150|1
No 10/56|1
No 102/149|1
No 103|1
No 11/1|1
No 11/12|1
No 112 A|1
No 12|1
No 120|1
No 13|1
No 131|1
No 131 A|1
No 138|1
No 138/2|1
No 14/15|1
No 14/189|1
No 142|1
No 15|1
No 15|1
No 15|1
No 152|1
No 153|1
No 157 E|1
No 16/62|1
NO 163|1
No 163|1
No 166|1
No 168|1
No 169|1
No 17|1
No 17/1|1
No 17/3|1
No 18/32|1
No 183|1
No 186|1
No 19|1
No 19/60|1
No 2|1
No 2/5|1
NO 20|1
No 20/1|1
No 208|1
No 211|1
No 22/27|1
No 22/36|1
No 221|1
No 221a|1
No 221a|1
NO 223 A|1
No 23/1 New No 56|1
No 23/10|1
No 24|1
No 24/87|1
No 247 Old No 115|1
No 24A|1
No 25|1
No 265|1
No 27|1
No 27|1
No 27|1
No 28/153|1
No 28/33|1
No 282 A|1
No 3|1
No 3|1
No 3|1
No 3/2|1
No 3/207|1
No 3/207|1
No 3/5|1
No 3/73|1
No 30|1
No 30|1
No 30/61|1
No 305|1
No 305 A|1
No 31|1
No 32|1
No 32|1
No 32|1
No 33/7|1
No 345|1
No 36|1
No 36, 39|1
No 37|1
No 38|1
No 38/38|1
No 4|1
No 4|1
No 4|1
No 4|1
No 4/187|1
No 4/38|1
No 41|1
No 413|1
No 42|1
No 45|1
No 46 / 51|1
No 48/163|1
No 49|1
No 5|1
No 5/11|1
No 5/14|1
No 5/154|1
No 5/4|1
No 5/A|1
No 50 C|1
No 52|1
No 52|1
No 52 A|1
No 52a|1
No 54|1
No 54|1
No 56|1
No 58|1
No 58 F|1
No 6|1
No 6|1
No 6|1
No 6/187|1
No 60|1
No 61|1
No 67|1
No 68 |1
No 7/1|1
No 7/107|1
No 7/134|1
No 7/3|1
No 7/549|1
No 7/68|1
No 75/87 A|1
No 8 |1
No 8/ 10 A|1
No 8/14|1
No 8/25|1
No 86|1
No 87 B/77|1
No 88/ 81|1
No 9|1
No 9|1
No 9/6|1
No 96|1
No A 13|1
No. 52/62|1
Old N 39 New No 105|1
Old No 111 New No 151|1
Old No 155, New No 321|1
Old No 24 New No 11|1
Old No 6/2new No 2/1|1
Old No 7 New No27|1
P 154|1
Plot No 17|1
Shop No 56|1
 Mth Road|2
 MTH Road|2
 Reddya Street|2
11th Street, Baba Nagar|2
11th Street, Thiru Nagar|2
1st Floor, 8th Street, Rajaji Nagar|2
1st FLOOR, North Redhills Road|2
1st Floor, Reddy Street|2
1st Floor, Sivan Koil South Mada Street|2
1st Floor, Thirumangalam Road|2
1st Main Road, North Jaganathan Nagar|2
200 Feet Inner Ring Road|2
2nd Floor, Balia Amman Koil Street|2
2nd Floor, Third Avenue|2
2nd Main Road- A TYPE, SIDCO Nagar|2
2nd Street,Annai Indira Nagar|2
3 rd floor, New Avadi Road|2
31st Street, Thirunagar|2
3rd main road, Sidco nagar|2
3rd Street|2
54th Street, Sidco Nagar|2
6th Street, North Thirumalai Nagar|2
6th Street, Sidco Nagar|2
7th Street, Rajamangalam|2
A Type, 64th Street,Sidco Nagar|2
A Type, 96th Street, Sidco Nagar|2
Adi Naidu Street|2
Agathya Nagar|2
Agathyar Nagar|2
Anjali Apartment, Mth Road|2
Athi Street|2
AUDHIAMMAL THOTTAM|2
B2, Sri Sai Enclave, Redhills Road North|2
Baba Nagar|2
Baba Nagar|2
Bajanai Koil Street|2
Baliamman Koil Street|2
BALIAMMAN KOVIL STREET|2
Balliamman Kovil Street|2
bharathy nagar 2 nd street, tower plazaa|2
Block No 18 1st Floor, Thiru Nagar|2
Bva State, Gkm Colony|2
c type, sidco nagar|2
Chennai Battai 2nd Street|2
D Type, 40th Street, Sidco Nagar|2
D-1, Sri Sakthi Appartments, Red Hills Road|2
D, Block-L, Ist Floor Shiyam Thirth, North Jagannath Nagar|2
Dhamotharan Colony 2nd Street, Red Hills Road|2
E type 2 Main Road Street, Sidco Nagar|2
E Type Sidco Nagar, 38th Street|2
E Type, 1st street, Sidco Nagar|2
E Type, 2nd Main Road, Sidco Nagar|2
e type, 3rd main road, Sidco nagar|2
E Type,Sidco Nagar|2
East Mada Street|2
Embar Naidu 2nd Street|2
Embar Nayudu Street|2
F Type 4th Main Road Sidco Nagar|2
F TYPE, 1ST MAIN ROAD|2
F3, 3rd Main Road South Jaganatha Nagar|2
F3, Sumukha Flats, Baba Nagar I Street|2
First Floor, Mth Road|2
First Floor, Rajamangalam First Main Road|2
Gandhi Nagar First Street|2
Gandhi Street, Our Lady Velanganni School|2
Gandhi Street, Our Lady Velanganni School|2
Gangader Street Mth Road|2
Gkm Colony 21st Street|2
K.R NAGAR|2
Kumarasamy Nagar|2
Lakshmi Complex, New Avadi Road|2
Lakshmi Nivas Apartment 2nd Floor, Shasthri Avenue Kamaraj Street|2
Lst Main Road, North Jegannatha Nagar|2
M T H Road|2
M T H Road|2
M T H Road|2
M T H Road|2
M T H Road|2
M.T.H. Road|2
M.t.h.road|2
M.T.H.Road|2
Mettu Street|2
Mettu Street|2
Mettu Street|2
Mettu Street|2
Moorthy Nagar|2
Mth Road|2
MTH ROAD|2
Mth Road|2
Mth Road|2
Mth Road|2
Mth Road|2
Mth Road|2
Mth Road|2
Mth Road|2
Mth Road|2
MTH Road|2
Mth Road|2
Mth Road|2
Mth Road|2
MTH Road|2
Mth Road|2
Mth Road|2
Mth Road|2
Mth Road|2
Mth Road|2
Mth Road|2
Mth Road|2
Mth Road|2
N Block, 5th Street, Agathiyar Nagar|2
N Block, Agathiyar Nagar|2
Narayana Maistry 1st Street|2
Nehru Nagar|2
New Avadi Road|2
New Avadi Road|2
New Avadi Road|2
New Avadi Road|2
New Avadi Road|2
New Avadi Road|2
New avadi road|2
New Avadi Road, Lakshmipuram|2
New Avadi Road, Lakshmipuram|2
New Street 200 Feet Road|2
North Mada Street|2
North Redhills Road|2
NORTH REDHILLS ROAD|2
NORTH REDHILLS ROAD|2
North Redhills Road|2
North Redhills road|2
North Redhills Road|2
North Redhills Road|2
North Redhills Road|2
North Redhills Road|2
north redills road|2
O-Block, Agasthir Nagar|2
P Block, 28th Street Agathiyar Nagar|2
P Block, Agasthiyar Nagar|2
Padmavathy Amman Castle Flat No 2, Shiva Sakthi Colony|2
Perimal Kovil North Mada Street|2
Perumal Koil St Membakkam|2
Phase-3, Thirunagar|2
Pillaiyar Koil Street|2
Plot No.56, 5th Street, North Jegannatha Nagar|2
Ponnan Kinnaru Street|2
Ponnankinaru Street|2
Ponnankinaru Street|2
Ponnankinaru Street|2
Q Block, Agathiyar Nagar|2
R K Ring Road, Kamarajar Nagar Thandhan Kuppam|2
R R Towers, 200 Feet Road, Sastha Nagar|2
R R Towers, 200 Feet Road,Sastha Nagar|2
R T M Plaza, Icf Moorthy Nagar|2
Raja Street|2
Rajamangalam Main Road|2
Rajamangalam Road|2
rajiv gandhi 1 st street|2
Rama Mandiram Street|2
RAMAKRISHNAPURAM|2
Raman Street Annai Tharesa Nagar|2
Red Hills Raod|2
REDDY STREET|2
Reddy Street|2
Reddy Street|2
Reddy Street|2
Reddy Street|2
Redhills Road|2
REDHILLS ROAD|2
Redhills Road|2
Redhills Road|2
Sahas Aishwarya Flats, Thirumangalamroad|2
Saranya Clinic, Mth Road|2
Seeyalam Street|2
Seeyalam, 2 nd Street Extension|2
shop no 9 annai complex, station road|2
Sidco Industrial Estate|2
Sidco Industrial Estate|2
Sidco Nagar|2
Sidco Nagar|2
Sidco Nagar|2
SIVAN KOIL NORTH MADA STREET|2
Sivan Koil North Mada Street|2
Sivan Koil South Mada Street|2
Sivan Koil West Mada Street|2
Sivanandan Street Jambulingam Road|2
South Mada 2nd Lane|2
South Mada Street|2
South Mada Street|2
South Mada Street, 2nd Lane|2
South Naganathan Nagar|2
Station Road|2
Station Road Mounaswamy Madam Street|2
Station View Road|2
Subash Street, Rajaji Nagar|2
Thalankinaru Street|2
Thanthonri Amman Koil 3rd Street|2
THIRU NAGAR|2
Thirumangalam Road|2
THIRUMANGALAM ROAD|2
Thirumangalam Road|2
THIRUMANGALAM road|2
Thirumangalam salai|2
Thirumangalama Road|2
Thiruvengadam 1st Street|2
Thiruvenkatiah 2nd Street|2
Vellalar Street|2
Venugopal Street, Thirumangalam Road|2
 Near Nathamuni Bus Stop|3
 Near Nathamuni Theatre & ICICI Bank Ltd|3
Above Canara Bank|3
AGS Cinema|3
Ags Theater|3
Backside Of Goodwill School Near Drj Hospital|3
Behind Singarapillay School|3
Bharat Petrol Bunk Opposite|3
Britannia|3
MGR Statue|3
Nathamuni Theatre|3
Nathamuni Theatre near|3
Near Ags Cinemas|3
Near Ags Cinemas|3
Near AGS Theater|3
Near Ags Theatre|3
Near Ajantha Bakery|3
Near Andhra Bank|3
Near Anna Nagar Railway Station|3
Near Anna Nagar West Railway Station|3
Near Anthra Bank And Subway|3
Near baliamman kovil|3
NEAR BANK OF BARODA ATM|3
near bus stand|3
near bus stand|3
Near Bus Terminus|3
Near By Icf Tank|3
Near By Railway Station|3
Near CANARA bank|3
Near Cauvery Trust Hospital|3
Near D K Brothers|3
Near Ds Mahal Viyapari Sangam Kalyana Mandapam|3
Near Ds Mahal Viyapari Sangam Kalyana Mandapam|3
Near Girls Higher Secondary School|3
Near GOVT. HIGH SCHOOL|3
Near ICF|3
Near Icf Bus Stand|3
Near Icf Cell|3
Near Icf Signal Near Church|3
Near ICICI Bank Anna Nagar East|3
Near IOB Bank|3
Near Iyappan Temple|3
Near iyyappan temple|3
Near Kallukadai Bus Stop|3
Near Kalpana Bus Stand & Spencers|3
Near Kanchi Kalyana Mandapam & Double Tank|3
NEAR KOLATHUR THAI MOOGAMBIKAI TEMPLE|3
Near Lucas Signal|3
Near Moogambigai Temple East Railway Gate|3
Near nadhamuni theatre|3
Near Nadhamuni Theatre|3
Near Nadhamuni Theatre|3
Near Nathamuni Cinema Hall|3
Near Nathamuni Theatre|3
Near Nathamuni Theatre|3
Near Nathamuni Theatre|3
Near Nathamuni Theatre|3
NEAR NEW VILLIVAKKAM SUBWAY|3
Near Padi Bridge|3
Near Padi Bridge|3
Near Perumal Kovil|3
Near RAIL MUSEUM|3
Near Railway Station|3
Near Railway Station|3
Near Railway Station|3
Near RC church|3
near register office|3
Near Reliance Fresh|3
Near Sasikala Hospital|3
Near SBI|3
Near Singara Pillai School|3
Near Sisco Water Tank|3
Near Sivan Koil & Villivakam Police Station|3
near sub way|3
Near Subway|3
Near subway upstairs|3
Near Telephone Exchange|3
NEAR THIRUNAGAR PARK|3
Near Tnsc Bank|3
Near to nadhamuni theatre|3
Near Vetrinary Hospital,|3
Near Vilivakam Police Station|3
NEAR VILLIVAAKKAM SUBWAY|3
Near Villivakkam Bus Stand|3
Near Villivakkam Bus Stand|3
Near Villivakkam Railway Gate|3
Near Villivakkam Railway Station|3
Near Villivakkam Railway Station|3
Near Villivakkam Railway Station|3
Near Villivakkam Register Office|3
Near Villivakkam Subway|3
Near Villvakkam Subway|3
Opp elangkaliamman koil|3
Opp Indian Bank|3
Opp Nathamuni Theatre|3
Opp Singaram Pillai Girls HR Sec School|3
Opp Tneb|3
Opp To Balliamman Temple|3
Opp To Nadhamuni Theatre|3
Opp To Pillaiyar Koil Street|3
Opp Villivakkam Rly. Station|3
Opposite Canara Bank|3
Opposite Goverment Girls Higer Secondary school|3
Opposite Icf Hospital|3
Opposite Nadamuni Theatre|3
Opposite Nadhamuni Theatre|3
Opposite Reliance Fresh|3
OPPOSITE TO DONBOSCO SCHOOL|3
Opposite To Tnhb Complex|3
Opposite West Colony|3
Samiyar Thottam|3
Singaram Pillai School|3
St Thomas School|3
Thirunagar Park|3
Villivakkam police station|3
Villivakkam, market|3
Villivakkam, Rc Church|3
