Near Bus Depot |3
Near Nadhamuni Cinema Hall |3
NEAR NATHAMUNI SIGNAL|3
Near St John School|3
Ayyappan Temple|3
Backside Nadhamuni Theatre|3
Backside Villivakkam Bus Terminus|3
Baliamman Koil Near|3
Behind Nadhamuni Theater|3
Behind Nathamuni Theatre|3
Behind Singaram Pillai School|3
Behind Uco Bank|3
Between Nadhamuni Theatre And Anna Nagar Railway Track |3
Between Railway Station & Bus Stand|3
Church Opp|3
D.K.Super Market|3
Don Bosco School|3
Gupta School|3
Icf|3
Ing Vysya Bank Near|3
Kalpana Bus Stop|3
Masjid E Mamoor Mosque|3
Nagar Bus Stop Opp|3
Nathamuni Theatre Near|3
Near Aavin Milk Booth|3
Near Ags Cinema|3
Near Ags Cinemas Opp Wcf Hospital|3
Near Ags Theatre|3
Near Andhra Bank|3
Near Andra Bank|3
Near Anna Nagar West Railway Station|3
Near Bali Amman Temple|3
Near Baliammam Temple|3
Near Baliamman Kovil|3
Near Bank Of Baroda|3
Near Bus Stand|3
Near Bus Stand|3
Near Bus Terminals|3
Near Bus Terminus|3
Near Bus Terminus|3
Near Bus Terminus|3
Near Bus Terminus|3
Near By Anna Nagar Railway Station|3
Near By Kamal Jewellery|3
Near By Krishna Swamy School|3
Near By Pumping Station|3
Near By Raiway Subway|3
Near By Sub Way|3
Near By Villivakkam Railway Gate|3
Near Cauvery Trust Hospital|3
Near Chennai Pharmacy|3
Near Co Operative Society|3
Near D R Super Market|3
Near D R Super Market|3
Near Drj Hospital|3
Near Fire Station|3
Near Girls Higher Secondary School|3
Near Icf Bus Terminus|3
Near Icf Kulam|3
Near Icf Stop|3
Near Icf Terminus|3
Near Icici Atm|3
Near Icici Bank Near Nadamuni Signal|3
Near Indian Bank|3
Near Ing Vysya Bank|3
Near Joint Office|3
Near Kamatchi Amman Koil|3
Near Kamatchi Amman Kovil|3
Near Kamatchi Amman Kovil|3
Near Kanaga Durga Telugu Hr.Sec.School|3
Near Kavery Hospital|3
Near Lucas Bridge|3
Near Mosque|3
Near Nadamuni Theatre|3
Near Nadhamani Theatre|3
Near Nadhamuni Bus Stop|3
Near Nadhamuni Signal|3
Near Nadhamuni Signal|3
Near Nadhamuni Signal|3
Near Nadhamuni Theatre|3
Near Nadhamuni Theatre|3
Near Nadhamuni Theatre|3
Near Nadhamuni Theatre|3
Near Nagamani Theater|3
Near Nathamani Theatre|3
Near Nathamuni|3
Near Nathamuni Cinema Hall|3
Near Nathamuni Signal|3
Near Nathamuni Signal|3
Near Nathamuni Signal|3
Near Nathamuni Theater|3
Near Nathamuni Theatre|3
Near Nathamuni Theatre|3
Near Nathamuni Theatre|3
Near North Redhills Road|3
Near Ongc Office|3
Near Padma Saragabani School|3
Near Padma Sarangabani Mat School|3
Near Perumal Koil Street|3
Near Railway Station|3
Near Railway Track|3
Near Rajamangalam Police Station|3
Near Register Office|3
Near Register Office|3
Near Registrar Office|3
Near Reliance Fresh|3
Near Sasi Kala Hospital|3
Near Senthil Nagar |3
Near Sidco Main Road|3
Near Sidco Nagar Bus Stop|3
Near Sidco Nagar Water Tank|3
Near Sigarampillai Boys School|3
Near Singara Pillai Boys Higher Secondary School|3
Near Singarampillai Boy School|3
Near Station|3
Near Sub Register Office|3
Near Subway|3
Near Tilakam Store|3
Near To E B Office|3
Near To Old Police St, Sivan Temple|3
Near To Relaince Fresh|3
Near To Villivakkam Dippo|3
Near V1 Police Station |3
Near Velankani Matriculation School|3
Near Villivakkam 2nd Railway Gate|3
Near Villivakkam Bus Depot|3
Near Villivakkam Bus Stand|3
Near Villivakkam Bus Terminus|3
Near Villivakkam Bus Terminus|3
Near Villivakkam Bus Terminus|3
Near Villivakkam Bus Terminus|3
Near Villivakkam Police Station|3
Near Villivakkam Railway Station|3
Near Villivakkam Railway Station|3
Near Villivakkam Railway Station|3
Near Villivakkam Railway Station|3
Near Villivakkam Station|3
Near Villivakkam Sub Way|3
Near Villivallam Railway Station|3
Near Vlk Railway Station, Near Vara Siddhi Vinayagar Temple|3
Near Water Tank|3
Near Water Tank & Registor Office|3
Next To . In Store|3
Next To Villivakkam Bus Stop|3
Nr Kaveri Hospital|3
Opp Indian Bank|3
Opp Nadhamuni Signal|3
Opp Nadhamuni Theatre|3
Opp To Govt Girls School|3
Opp To Nadhamuni Theare|3
Opp To Police Station |3
Opp To State Bank|3
Opposit To Nadhamuni Theatre|3
Opposite Bus Depo|3
Opposite Bus Depot|3
Opposite Icf Hospital|3
Opposite Nathamuni Theatre|3
Opposite R P Swamy Stores|3
Opposite Shanthi Bhavan|3
Opposite Sub Registar Office |3
Opposite To Nathamuni Theatre|3
Opposite To Villivakkam Railway Station|3
Opposite Villivakkam Bus Terminus|3
Padi Fly Over|3
Parumal Kovil|3
Perumal Koil Near|3
Pillaiyar Koil|3
Singaram Pillai Boys Hr Sec School|3
Singarampillai School Opp|3
Tnhb Villiwakkam|3
Villivakkam Bus Terminus|3
Villivakkam Bus Terminus|3
Villivakkam Market|3
Villivakkam Railway Station|3
Villivakkam Railway Station Near|3
